Boka visning	https://www.modernamuseet.se/stockholm/sv/besok-museet/boka-guidad-visning/
Start	https://www.modernamuseet.se/stockholm/sv/
Skapa som	https://www.modernamuseet.se/stockholm/sv/besok-museet/familj/skapa-som/
Utst√§llning	https://www.modernamuseet.se/stockholm/sv/utstallningar/john-baldessari/
Soffvisning	https://www.modernamuseet.se/stockholm/sv/aktiviteter/soffvisningar/
BOKA BORD I RESTAURANGEN	https://www.modernamuseet.se/stockholm/sv/besok-museet/mat-dryck/
Aktiviteter	https://www.modernamuseet.se/stockholm/sv/aktiviteter/
Kalender	https://www.modernamuseet.se/stockholm/sv/kalender/
Om	https://www.modernamuseet.se/stockholm/sv/om-museet/
Bli medlem	https://www.modernamuseet.se/stockholm/sv/om-museet/moderna-museets-vanner/bli-medlem/
Medlemstidning	https://www.modernamuseet.se/stockholm/sv/om-museet/moderna-museets-vanner/bulletinen/